<?xml version="1.0"?>
<Runs Version="1" Minor="0">
	<Run Id="BD_bidirec_0_1_synth_1" LaunchDir="C:/Users/Usuario/Documents/Noveno Semestre/Arquitectura de computadores/RVfpgaSoC-v1.0/RVfpgaSoC/Labs/LabProjects/Lab1.runs/BD_bidirec_0_1_synth_1" FlowId="Vivado_Synthesis" FromStepId="vivado" ToStepId="vivado"/>
	<Run Id="BD_bidirec_0_2_synth_1" LaunchDir="C:/Users/Usuario/Documents/Noveno Semestre/Arquitectura de computadores/RVfpgaSoC-v1.0/RVfpgaSoC/Labs/LabProjects/Lab1.runs/BD_bidirec_0_2_synth_1" FlowId="Vivado_Synthesis" FromStepId="vivado" ToStepId="vivado"/>
	<Run Id="BD_intcon_wrapper_bd_0_0_synth_1" LaunchDir="C:/Users/Usuario/Documents/Noveno Semestre/Arquitectura de computadores/RVfpgaSoC-v1.0/RVfpgaSoC/Labs/LabProjects/Lab1.runs/BD_intcon_wrapper_bd_0_0_synth_1" FlowId="Vivado_Synthesis" FromStepId="vivado" ToStepId="vivado"/>
	<Run Id="BD_swerv_wrapper_verilog_0_0_synth_1" LaunchDir="C:/Users/Usuario/Documents/Noveno Semestre/Arquitectura de computadores/RVfpgaSoC-v1.0/RVfpgaSoC/Labs/LabProjects/Lab1.runs/BD_swerv_wrapper_verilog_0_0_synth_1" FlowId="Vivado_Synthesis" FromStepId="vivado" ToStepId="vivado"/>
	<Run Id="BD_bootrom_wrapper_0_0_synth_1" LaunchDir="C:/Users/Usuario/Documents/Noveno Semestre/Arquitectura de computadores/RVfpgaSoC-v1.0/RVfpgaSoC/Labs/LabProjects/Lab1.runs/BD_bootrom_wrapper_0_0_synth_1" FlowId="Vivado_Synthesis" FromStepId="vivado" ToStepId="vivado"/>
	<Run Id="BD_syscon_wrapper_0_0_synth_1" LaunchDir="C:/Users/Usuario/Documents/Noveno Semestre/Arquitectura de computadores/RVfpgaSoC-v1.0/RVfpgaSoC/Labs/LabProjects/Lab1.runs/BD_syscon_wrapper_0_0_synth_1" FlowId="Vivado_Synthesis" FromStepId="vivado" ToStepId="vivado"/>
	<Run Id="BD_bidirec_0_0_synth_1" LaunchDir="C:/Users/Usuario/Documents/Noveno Semestre/Arquitectura de computadores/RVfpgaSoC-v1.0/RVfpgaSoC/Labs/LabProjects/Lab1.runs/BD_bidirec_0_0_synth_1" FlowId="Vivado_Synthesis" FromStepId="vivado" ToStepId="vivado"/>
	<Run Id="BD_gpio_wrapper_0_0_synth_1" LaunchDir="C:/Users/Usuario/Documents/Noveno Semestre/Arquitectura de computadores/RVfpgaSoC-v1.0/RVfpgaSoC/Labs/LabProjects/Lab1.runs/BD_gpio_wrapper_0_0_synth_1" FlowId="Vivado_Synthesis" FromStepId="vivado" ToStepId="vivado"/>
	<Run Id="BD_bidirec_19_7_synth_1" LaunchDir="C:/Users/Usuario/Documents/Noveno Semestre/Arquitectura de computadores/RVfpgaSoC-v1.0/RVfpgaSoC/Labs/LabProjects/Lab1.runs/BD_bidirec_19_7_synth_1" FlowId="Vivado_Synthesis" FromStepId="vivado" ToStepId="vivado"/>
	<Run Id="BD_bidirec_2_10_synth_1" LaunchDir="C:/Users/Usuario/Documents/Noveno Semestre/Arquitectura de computadores/RVfpgaSoC-v1.0/RVfpgaSoC/Labs/LabProjects/Lab1.runs/BD_bidirec_2_10_synth_1" FlowId="Vivado_Synthesis" FromStepId="vivado" ToStepId="vivado"/>
	<Run Id="BD_bidirec_2_6_synth_1" LaunchDir="C:/Users/Usuario/Documents/Noveno Semestre/Arquitectura de computadores/RVfpgaSoC-v1.0/RVfpgaSoC/Labs/LabProjects/Lab1.runs/BD_bidirec_2_6_synth_1" FlowId="Vivado_Synthesis" FromStepId="vivado" ToStepId="vivado"/>
	<Run Id="BD_bidirec_2_11_synth_1" LaunchDir="C:/Users/Usuario/Documents/Noveno Semestre/Arquitectura de computadores/RVfpgaSoC-v1.0/RVfpgaSoC/Labs/LabProjects/Lab1.runs/BD_bidirec_2_11_synth_1" FlowId="Vivado_Synthesis" FromStepId="vivado" ToStepId="vivado"/>
	<Run Id="BD_bidirec_2_5_synth_1" LaunchDir="C:/Users/Usuario/Documents/Noveno Semestre/Arquitectura de computadores/RVfpgaSoC-v1.0/RVfpgaSoC/Labs/LabProjects/Lab1.runs/BD_bidirec_2_5_synth_1" FlowId="Vivado_Synthesis" FromStepId="vivado" ToStepId="vivado"/>
	<Run Id="BD_bidirec_2_13_synth_1" LaunchDir="C:/Users/Usuario/Documents/Noveno Semestre/Arquitectura de computadores/RVfpgaSoC-v1.0/RVfpgaSoC/Labs/LabProjects/Lab1.runs/BD_bidirec_2_13_synth_1" FlowId="Vivado_Synthesis" FromStepId="vivado" ToStepId="vivado"/>
	<Run Id="BD_bidirec_2_14_synth_1" LaunchDir="C:/Users/Usuario/Documents/Noveno Semestre/Arquitectura de computadores/RVfpgaSoC-v1.0/RVfpgaSoC/Labs/LabProjects/Lab1.runs/BD_bidirec_2_14_synth_1" FlowId="Vivado_Synthesis" FromStepId="vivado" ToStepId="vivado"/>
	<Run Id="BD_bidirec_2_12_synth_1" LaunchDir="C:/Users/Usuario/Documents/Noveno Semestre/Arquitectura de computadores/RVfpgaSoC-v1.0/RVfpgaSoC/Labs/LabProjects/Lab1.runs/BD_bidirec_2_12_synth_1" FlowId="Vivado_Synthesis" FromStepId="vivado" ToStepId="vivado"/>
	<Run Id="BD_bidirec_19_2_synth_1" LaunchDir="C:/Users/Usuario/Documents/Noveno Semestre/Arquitectura de computadores/RVfpgaSoC-v1.0/RVfpgaSoC/Labs/LabProjects/Lab1.runs/BD_bidirec_19_2_synth_1" FlowId="Vivado_Synthesis" FromStepId="vivado" ToStepId="vivado"/>
	<Run Id="BD_bidirec_19_4_synth_1" LaunchDir="C:/Users/Usuario/Documents/Noveno Semestre/Arquitectura de computadores/RVfpgaSoC-v1.0/RVfpgaSoC/Labs/LabProjects/Lab1.runs/BD_bidirec_19_4_synth_1" FlowId="Vivado_Synthesis" FromStepId="vivado" ToStepId="vivado"/>
	<Run Id="BD_bidirec_19_5_synth_1" LaunchDir="C:/Users/Usuario/Documents/Noveno Semestre/Arquitectura de computadores/RVfpgaSoC-v1.0/RVfpgaSoC/Labs/LabProjects/Lab1.runs/BD_bidirec_19_5_synth_1" FlowId="Vivado_Synthesis" FromStepId="vivado" ToStepId="vivado"/>
	<Run Id="BD_bidirec_19_6_synth_1" LaunchDir="C:/Users/Usuario/Documents/Noveno Semestre/Arquitectura de computadores/RVfpgaSoC-v1.0/RVfpgaSoC/Labs/LabProjects/Lab1.runs/BD_bidirec_19_6_synth_1" FlowId="Vivado_Synthesis" FromStepId="vivado" ToStepId="vivado"/>
	<Run Id="BD_bidirec_19_3_synth_1" LaunchDir="C:/Users/Usuario/Documents/Noveno Semestre/Arquitectura de computadores/RVfpgaSoC-v1.0/RVfpgaSoC/Labs/LabProjects/Lab1.runs/BD_bidirec_19_3_synth_1" FlowId="Vivado_Synthesis" FromStepId="vivado" ToStepId="vivado"/>
	<Run Id="BD_bidirec_2_16_synth_1" LaunchDir="C:/Users/Usuario/Documents/Noveno Semestre/Arquitectura de computadores/RVfpgaSoC-v1.0/RVfpgaSoC/Labs/LabProjects/Lab1.runs/BD_bidirec_2_16_synth_1" FlowId="Vivado_Synthesis" FromStepId="vivado" ToStepId="vivado"/>
	<Run Id="BD_bidirec_19_0_synth_1" LaunchDir="C:/Users/Usuario/Documents/Noveno Semestre/Arquitectura de computadores/RVfpgaSoC-v1.0/RVfpgaSoC/Labs/LabProjects/Lab1.runs/BD_bidirec_19_0_synth_1" FlowId="Vivado_Synthesis" FromStepId="vivado" ToStepId="vivado"/>
	<Run Id="BD_bidirec_18_0_synth_1" LaunchDir="C:/Users/Usuario/Documents/Noveno Semestre/Arquitectura de computadores/RVfpgaSoC-v1.0/RVfpgaSoC/Labs/LabProjects/Lab1.runs/BD_bidirec_18_0_synth_1" FlowId="Vivado_Synthesis" FromStepId="vivado" ToStepId="vivado"/>
	<Run Id="BD_bidirec_19_1_synth_1" LaunchDir="C:/Users/Usuario/Documents/Noveno Semestre/Arquitectura de computadores/RVfpgaSoC-v1.0/RVfpgaSoC/Labs/LabProjects/Lab1.runs/BD_bidirec_19_1_synth_1" FlowId="Vivado_Synthesis" FromStepId="vivado" ToStepId="vivado"/>
	<Run Id="BD_bidirec_19_8_synth_1" LaunchDir="C:/Users/Usuario/Documents/Noveno Semestre/Arquitectura de computadores/RVfpgaSoC-v1.0/RVfpgaSoC/Labs/LabProjects/Lab1.runs/BD_bidirec_19_8_synth_1" FlowId="Vivado_Synthesis" FromStepId="vivado" ToStepId="vivado"/>
	<Run Id="BD_bidirec_19_9_synth_1" LaunchDir="C:/Users/Usuario/Documents/Noveno Semestre/Arquitectura de computadores/RVfpgaSoC-v1.0/RVfpgaSoC/Labs/LabProjects/Lab1.runs/BD_bidirec_19_9_synth_1" FlowId="Vivado_Synthesis" FromStepId="vivado" ToStepId="vivado"/>
	<Run Id="BD_bidirec_19_10_synth_1" LaunchDir="C:/Users/Usuario/Documents/Noveno Semestre/Arquitectura de computadores/RVfpgaSoC-v1.0/RVfpgaSoC/Labs/LabProjects/Lab1.runs/BD_bidirec_19_10_synth_1" FlowId="Vivado_Synthesis" FromStepId="vivado" ToStepId="vivado"/>
	<Run Id="BD_bidirec_2_7_synth_1" LaunchDir="C:/Users/Usuario/Documents/Noveno Semestre/Arquitectura de computadores/RVfpgaSoC-v1.0/RVfpgaSoC/Labs/LabProjects/Lab1.runs/BD_bidirec_2_7_synth_1" FlowId="Vivado_Synthesis" FromStepId="vivado" ToStepId="vivado"/>
	<Run Id="BD_bidirec_2_8_synth_1" LaunchDir="C:/Users/Usuario/Documents/Noveno Semestre/Arquitectura de computadores/RVfpgaSoC-v1.0/RVfpgaSoC/Labs/LabProjects/Lab1.runs/BD_bidirec_2_8_synth_1" FlowId="Vivado_Synthesis" FromStepId="vivado" ToStepId="vivado"/>
	<Run Id="BD_bidirec_2_9_synth_1" LaunchDir="C:/Users/Usuario/Documents/Noveno Semestre/Arquitectura de computadores/RVfpgaSoC-v1.0/RVfpgaSoC/Labs/LabProjects/Lab1.runs/BD_bidirec_2_9_synth_1" FlowId="Vivado_Synthesis" FromStepId="vivado" ToStepId="vivado"/>
	<Run Id="BD_bidirec_2_3_synth_1" LaunchDir="C:/Users/Usuario/Documents/Noveno Semestre/Arquitectura de computadores/RVfpgaSoC-v1.0/RVfpgaSoC/Labs/LabProjects/Lab1.runs/BD_bidirec_2_3_synth_1" FlowId="Vivado_Synthesis" FromStepId="vivado" ToStepId="vivado"/>
	<Run Id="BD_bidirec_2_2_synth_1" LaunchDir="C:/Users/Usuario/Documents/Noveno Semestre/Arquitectura de computadores/RVfpgaSoC-v1.0/RVfpgaSoC/Labs/LabProjects/Lab1.runs/BD_bidirec_2_2_synth_1" FlowId="Vivado_Synthesis" FromStepId="vivado" ToStepId="vivado"/>
	<Run Id="BD_bidirec_2_1_synth_1" LaunchDir="C:/Users/Usuario/Documents/Noveno Semestre/Arquitectura de computadores/RVfpgaSoC-v1.0/RVfpgaSoC/Labs/LabProjects/Lab1.runs/BD_bidirec_2_1_synth_1" FlowId="Vivado_Synthesis" FromStepId="vivado" ToStepId="vivado"/>
	<Run Id="BD_bidirec_2_15_synth_1" LaunchDir="C:/Users/Usuario/Documents/Noveno Semestre/Arquitectura de computadores/RVfpgaSoC-v1.0/RVfpgaSoC/Labs/LabProjects/Lab1.runs/BD_bidirec_2_15_synth_1" FlowId="Vivado_Synthesis" FromStepId="vivado" ToStepId="vivado"/>
	<Run Id="BD_bidirec_2_0_synth_1" LaunchDir="C:/Users/Usuario/Documents/Noveno Semestre/Arquitectura de computadores/RVfpgaSoC-v1.0/RVfpgaSoC/Labs/LabProjects/Lab1.runs/BD_bidirec_2_0_synth_1" FlowId="Vivado_Synthesis" FromStepId="vivado" ToStepId="vivado"/>
	<Run Id="BD_bidirec_2_4_synth_1" LaunchDir="C:/Users/Usuario/Documents/Noveno Semestre/Arquitectura de computadores/RVfpgaSoC-v1.0/RVfpgaSoC/Labs/LabProjects/Lab1.runs/BD_bidirec_2_4_synth_1" FlowId="Vivado_Synthesis" FromStepId="vivado" ToStepId="vivado"/>
	<Run Id="synth_1" LaunchDir="C:/Users/Usuario/Documents/Noveno Semestre/Arquitectura de computadores/RVfpgaSoC-v1.0/RVfpgaSoC/Labs/LabProjects/Lab1.runs/synth_1" FlowId="Vivado_Synthesis" FromStepId="vivado" ToStepId="vivado">
		<Parent Id="BD_bidirec_0_1_synth_1"/>
		<Parent Id="BD_bidirec_0_2_synth_1"/>
		<Parent Id="BD_intcon_wrapper_bd_0_0_synth_1"/>
		<Parent Id="BD_swerv_wrapper_verilog_0_0_synth_1"/>
		<Parent Id="BD_bootrom_wrapper_0_0_synth_1"/>
		<Parent Id="BD_syscon_wrapper_0_0_synth_1"/>
		<Parent Id="BD_bidirec_0_0_synth_1"/>
		<Parent Id="BD_gpio_wrapper_0_0_synth_1"/>
		<Parent Id="BD_bidirec_19_7_synth_1"/>
		<Parent Id="BD_bidirec_2_10_synth_1"/>
		<Parent Id="BD_bidirec_2_6_synth_1"/>
		<Parent Id="BD_bidirec_2_11_synth_1"/>
		<Parent Id="BD_bidirec_2_5_synth_1"/>
		<Parent Id="BD_bidirec_2_13_synth_1"/>
		<Parent Id="BD_bidirec_2_14_synth_1"/>
		<Parent Id="BD_bidirec_2_12_synth_1"/>
		<Parent Id="BD_bidirec_19_2_synth_1"/>
		<Parent Id="BD_bidirec_19_4_synth_1"/>
		<Parent Id="BD_bidirec_19_5_synth_1"/>
		<Parent Id="BD_bidirec_19_6_synth_1"/>
		<Parent Id="BD_bidirec_19_3_synth_1"/>
		<Parent Id="BD_bidirec_2_16_synth_1"/>
		<Parent Id="BD_bidirec_19_0_synth_1"/>
		<Parent Id="BD_bidirec_18_0_synth_1"/>
		<Parent Id="BD_bidirec_19_1_synth_1"/>
		<Parent Id="BD_bidirec_19_8_synth_1"/>
		<Parent Id="BD_bidirec_19_9_synth_1"/>
		<Parent Id="BD_bidirec_19_10_synth_1"/>
		<Parent Id="BD_bidirec_2_7_synth_1"/>
		<Parent Id="BD_bidirec_2_8_synth_1"/>
		<Parent Id="BD_bidirec_2_9_synth_1"/>
		<Parent Id="BD_bidirec_2_3_synth_1"/>
		<Parent Id="BD_bidirec_2_2_synth_1"/>
		<Parent Id="BD_bidirec_2_1_synth_1"/>
		<Parent Id="BD_bidirec_2_15_synth_1"/>
		<Parent Id="BD_bidirec_2_0_synth_1"/>
		<Parent Id="BD_bidirec_2_4_synth_1"/>
	</Run>
	<Run Id="impl_1" LaunchDir="C:/Users/Usuario/Documents/Noveno Semestre/Arquitectura de computadores/RVfpgaSoC-v1.0/RVfpgaSoC/Labs/LabProjects/Lab1.runs/impl_1" FlowId="Vivado_Implementation" FromStepId="init_design" ToStepId="write_bitstream">
		<Parent Id="synth_1"/>
		<Parent Id="BD_bidirec_0_1_synth_1"/>
		<Parent Id="BD_bidirec_0_2_synth_1"/>
		<Parent Id="BD_intcon_wrapper_bd_0_0_synth_1"/>
		<Parent Id="BD_swerv_wrapper_verilog_0_0_synth_1"/>
		<Parent Id="BD_bootrom_wrapper_0_0_synth_1"/>
		<Parent Id="BD_syscon_wrapper_0_0_synth_1"/>
		<Parent Id="BD_bidirec_0_0_synth_1"/>
		<Parent Id="BD_gpio_wrapper_0_0_synth_1"/>
		<Parent Id="BD_bidirec_19_7_synth_1"/>
		<Parent Id="BD_bidirec_2_10_synth_1"/>
		<Parent Id="BD_bidirec_2_6_synth_1"/>
		<Parent Id="BD_bidirec_2_11_synth_1"/>
		<Parent Id="BD_bidirec_2_5_synth_1"/>
		<Parent Id="BD_bidirec_2_13_synth_1"/>
		<Parent Id="BD_bidirec_2_14_synth_1"/>
		<Parent Id="BD_bidirec_2_12_synth_1"/>
		<Parent Id="BD_bidirec_19_2_synth_1"/>
		<Parent Id="BD_bidirec_19_4_synth_1"/>
		<Parent Id="BD_bidirec_19_5_synth_1"/>
		<Parent Id="BD_bidirec_19_6_synth_1"/>
		<Parent Id="BD_bidirec_19_3_synth_1"/>
		<Parent Id="BD_bidirec_2_16_synth_1"/>
		<Parent Id="BD_bidirec_19_0_synth_1"/>
		<Parent Id="BD_bidirec_18_0_synth_1"/>
		<Parent Id="BD_bidirec_19_1_synth_1"/>
		<Parent Id="BD_bidirec_19_8_synth_1"/>
		<Parent Id="BD_bidirec_19_9_synth_1"/>
		<Parent Id="BD_bidirec_19_10_synth_1"/>
		<Parent Id="BD_bidirec_2_7_synth_1"/>
		<Parent Id="BD_bidirec_2_8_synth_1"/>
		<Parent Id="BD_bidirec_2_9_synth_1"/>
		<Parent Id="BD_bidirec_2_3_synth_1"/>
		<Parent Id="BD_bidirec_2_2_synth_1"/>
		<Parent Id="BD_bidirec_2_1_synth_1"/>
		<Parent Id="BD_bidirec_2_15_synth_1"/>
		<Parent Id="BD_bidirec_2_0_synth_1"/>
		<Parent Id="BD_bidirec_2_4_synth_1"/>
	</Run>
	<Parameters>
		<Parameter Name="runs.monitorLSFJobs" Val="true" Type="bool"/>
		<Parameter Name="runs.enableClusterConf" Val="true" Type="bool"/>
	</Parameters>
</Runs>

