<?xml version="1.0" encoding="UTF-8"?>
<GenRun Id="BD_bidirec_2_4_synth_1" LaunchPart="xc7a100tcsg324-1" LaunchTime="1646603492">
  <File Type="PA-TCL" Name="BD_bidirec_2_4.tcl"/>
  <File Type="RDS-PROPCONSTRS" Name="BD_bidirec_2_4_drc_synth.rpt"/>
  <File Type="REPORTS-TCL" Name="BD_bidirec_2_4_reports.tcl"/>
  <File Type="RDS-RDS" Name="BD_bidirec_2_4.vds"/>
  <File Type="RDS-UTIL" Name="BD_bidirec_2_4_utilization_synth.rpt"/>
  <File Type="RDS-UTIL-PB" Name="BD_bidirec_2_4_utilization_synth.pb"/>
  <File Type="RDS-DCP" Name="BD_bidirec_2_4.dcp"/>
  <File Type="VDS-TIMINGSUMMARY" Name="BD_bidirec_2_4_timing_summary_synth.rpt"/>
  <File Type="VDS-TIMING-PB" Name="BD_bidirec_2_4_timing_summary_synth.pb"/>
  <FileSet Name="sources" Type="BlockSrcs" RelSrcDir="$PSRCDIR/BD_bidirec_2_4">
    <File Path="$PSRCDIR/sources_1/bd/BD/ip/BD_bidirec_2_4/BD_bidirec_2_4.xci">
      <FileInfo>
        <Attr Name="UsedIn" Val="synthesis"/>
        <Attr Name="UsedIn" Val="implementation"/>
        <Attr Name="UsedIn" Val="simulation"/>
      </FileInfo>
    </File>
    <Config>
      <Option Name="TopModule" Val="BD_bidirec_2_4"/>
      <Option Name="UseBlackboxStub" Val="1"/>
    </Config>
  </FileSet>
  <FileSet Name="constrs_in" Type="BlockSrcs" RelSrcDir="$PSRCDIR/BD_bidirec_2_4">
    <File Path="$PSRCDIR/sources_1/bd/BD/ip/BD_bidirec_2_4/BD_bidirec_2_4.xci">
      <FileInfo>
        <Attr Name="UsedIn" Val="synthesis"/>
        <Attr Name="UsedIn" Val="implementation"/>
        <Attr Name="UsedIn" Val="simulation"/>
      </FileInfo>
    </File>
    <Config>
      <Option Name="TopModule" Val="BD_bidirec_2_4"/>
      <Option Name="UseBlackboxStub" Val="1"/>
    </Config>
  </FileSet>
  <FileSet Name="utils" Type="Utils" RelSrcDir="$PSRCDIR/utils_1">
    <Filter Type="Utils"/>
    <File Path="$PPRDIR/../LabResources/Lab1/script.tcl">
      <FileInfo>
        <Attr Name="UsedIn" Val="synthesis"/>
        <Attr Name="UsedIn" Val="implementation"/>
        <Attr Name="UsedIn" Val="simulation"/>
        <Attr Name="UsedInSteps" Val="impl_1;WRITE_BITSTREAM;TCL.PRE"/>
      </FileInfo>
    </File>
    <Config>
      <Option Name="TopAutoSet" Val="TRUE"/>
    </Config>
  </FileSet>
  <Strategy Version="1" Minor="2">
    <StratHandle Name="Vivado Synthesis Defaults" Flow="Vivado Synthesis 2020">
      <Desc>Vivado Synthesis Defaults</Desc>
    </StratHandle>
    <Step Id="synth_design"/>
  </Strategy>
</GenRun>
